Wavelength (nm),SSA=10m² kg⁻¹,SSA=15m² kg⁻¹,SSA=20m² kg⁻¹,SSA=25m² kg⁻¹,SSA=30m² kg⁻¹,SSA=35m² kg⁻¹,SSA=40m² kg⁻¹,SSA=45m² kg⁻¹,SSA=50m² kg⁻¹
350.0,0.9844578143869038,0.9872907615467992,0.988983436348356,0.9901403378526001,0.9909952535216028,0.991660238435063,0.9921966146153004,0.9926411377577172,0.9930173573973138
360.0,0.9851099751527472,0.9878250551289807,0.9894469972898504,0.990555469554873,0.9913745581287152,0.9920116530287115,0.9925255190153937,0.9929513772417865,0.9933117931901921
370.0,0.9854274295660242,0.9880851538892927,0.9896726549459623,0.9907575451397886,0.9915591888086437,0.9921827041316823,0.9926856103899789,0.9931023813679051,0.9934551033050283
380.0,0.9857297931456548,0.9883329053559978,0.9898875964963374,0.9909500203435274,0.9917350447713871,0.9923456235797419,0.9928380893631208,0.993246203812226,0.9935915965499706
390.0,0.9859867622980193,0.9885434824293872,0.9900702849670328,0.9911136107060005,0.9918845076084966,0.9924840897023418,0.9929676807232911,0.9933684369611764,0.9937075998413627
400.0,0.9862334307831006,0.9887456346224026,0.9902456629274006,0.9912706522854121,0.9920279851928283,0.9926170094108426,0.99309207998736,0.9934857719025094,0.9938189538326957
410.0,0.9866925890927283,0.9891219736261313,0.9905721549689847,0.9915630022573725,0.9922950791520805,0.9928644451617767,0.9933236515203978,0.9937041906708666,0.9940262371437664
420.0,0.9871260176989788,0.9894773210926405,0.9908804401932765,0.9918390435278055,0.9925472675643311,0.9930980678332988,0.9935422920104884,0.9939104100169106,0.9942219406975858
430.0,0.9869543722164785,0.9893366193987868,0.990758376780771,0.991729748316561,0.9924474174532076,0.9930055691351805,0.9934557256838938,0.9938287619415693,0.9941444564018211
440.0,0.9867843903962705,0.9891972938777597,0.9906375076626974,0.9916215215765181,0.9923485426158822,0.992913973221146,0.993370003705843,0.9937479098198968,0.9940677271261154
450.0,0.9863596369547847,0.9888491574494589,0.990335484682984,0.9913510838019073,0.9921014693916006,0.9926850858353926,0.9931557922168053,0.9935458657904217,0.9938759843051022
460.0,0.9859309142229037,0.988497826857541,0.9900306888881976,0.9910781564246908,0.9918521159072688,0.9924540816076991,0.9929395962052275,0.9933419472759237,0.9936824604071928
470.0,0.98526271035319,0.9879503155081398,0.9895556848113332,0.9906528016913269,0.9914634888548248,0.9920940435813719,0.9926026310539537,0.9930241125480904,0.9933808227588845
480.0,0.9845782048734991,0.98738949516672,0.9890691113827984,0.9902170657523633,0.9910653614239049,0.9917251925944529,0.992257408997416,0.9926984828519302,0.9930717818911735
490.0,0.9836367025524249,0.9866181236838777,0.988399812555841,0.9896176585650479,0.9905176630566853,0.9912177503242543,0.9917824594804998,0.9922504767965465,0.9926465899002755
500.0,0.9826588148488985,0.9858168888573288,0.9877045330671652,0.9889949366965628,0.989948628824283,0.990690516880183,0.9912889683046149,0.9917849670490368,0.9922047744178345
510.0,0.9814580393109285,0.9848328917024425,0.9868505556674695,0.9882300113596522,0.9892496055821123,0.9900428104487126,0.9906826894481044,0.9912130454014908,0.99166194778789
520.0,0.9802001686438727,0.9838018993819159,0.9859556651487786,0.9874283595496092,0.9885169660397571,0.9893639166444561,0.9900471886040638,0.9906135347920807,0.9910929172805618
530.0,0.9787228778495531,0.9825907583785427,0.9849042375911163,0.9864863755793123,0.9876560044428968,0.9885660633967631,0.9893002933965577,0.9899089083381007,0.9904240910471275
540.0,0.9771679177109813,0.9813155668075907,0.9837970059944272,0.9854942736705966,0.986749152931889,0.9877256243481344,0.9885134873086647,0.9891665945031832,0.9897194639926762
550.0,0.9752793628479016,0.979766272477105,0.9824514978707887,0.984288501702701,0.9856468774388171,0.986703990603641,0.9875569873334538,0.9882641339999494,0.9888627817630367
560.0,0.973275073708381,0.9781213937250226,0.9810226448601135,0.9830078366542614,0.9844759996261191,0.9856186742767169,0.9865407899760334,0.9873052903353284,0.987952529476682
570.0,0.971249474195981,0.976458352193031,0.9795776648783352,0.9817125032590835,0.9832915665111471,0.984520689123705,0.9855126520493087,0.986335118607346,0.9870314738713456
580.0,0.9691121294098709,0.9747028296778258,0.9780519481759445,0.9803445606444755,0.9820405827361672,0.9833608968366847,0.9844265528779464,0.9853101863168753,0.9860583760757436
590.0,0.9667272090445977,0.972743063682521,0.9763482599283941,0.9788167661413147,0.9806432223499307,0.9820652597731294,0.9832131359924572,0.9841650248817121,0.9849710639191249
600.0,0.9650431537656387,0.9713586507907306,0.9751444489928076,0.9777370590148023,0.9796555719264447,0.9811494189183713,0.9823553471329834,0.9833554351081997,0.9842023297679094
610.0,0.9620433048286884,0.968891388882825,0.9729984420218495,0.9758119162565947,0.977894316495577,0.979516038316467,0.9808253637499992,0.9819113141240874,0.9828309996062901
620.0,0.9580753135316188,0.9656255502096779,0.9701566360524326,0.9732618484199498,0.9755608379739009,0.9773516215212383,0.9787976889883516,0.9799972200621812,0.9810132149422347
630.0,0.9543026898367467,0.9625180509495969,0.9674513346384258,0.9708334894507008,0.9733382023297095,0.9752896356850931,0.9768656858342004,0.9781732132504103,0.9792808036629443
640.0,0.9509823701013724,0.9597811225768945,0.9650676073732753,0.9686931507860825,0.9713787580157087,0.973471508698004,0.9751619355720039,0.976564517513646,0.9777527443481497
650.0,0.9474410731348907,0.9568599810142796,0.9625223673804414,0.9664071328936755,0.9692855021062955,0.9715288999151919,0.9733412921054548,0.9748452605263297,0.9761195132466239
660.0,0.9439107936355285,0.9539457992152394,0.959982084442673,0.9641248879855026,0.9671952416307655,0.969588739471636,0.9715226927086511,0.9731277377372571,0.9744877719787376
670.0,0.9407034993875296,0.9512963860807989,0.9576716368345556,0.9620485413042935,0.9652931593615651,0.9678229558257434,0.9698673264544162,0.9715642050634054,0.9730021926255306
680.0,0.9381882916011897,0.9492174405594503,0.9558580276363456,0.9604182968866538,0.9637994713654696,0.9664361089156356,0.9685670554977603,0.9703359541394707,0.9718350870220792
690.0,0.9343824037095319,0.9460696069806057,0.9531108713896427,0.9579482275260559,0.9615358563767862,0.9643340821240154,0.9665960054459607,0.9684738855020518,0.9700655622639839
700.0,0.9286178839193369,0.9412970136112438,0.9489432720449242,0.9541994534628313,0.9580993766452931,0.9611421664378739,0.9636024106655174,0.9656453661920595,0.9673772622691373
710.0,0.9230461940212503,0.9366785578984861,0.9449073962321727,0.9505673980865703,0.9547686952842235,0.9580476550482085,0.9606995141336522,0.9629020316008353,0.9647695121354137
720.0,0.9175449135568712,0.9321131127453067,0.9409150495282813,0.9469727976729604,0.9514711964192321,0.9549831316891503,0.9578241119925771,0.9601841814442906,0.9621855857244804
730.0,0.9155058482107578,0.9304195599410451,0.9394333787847087,0.9456383055281616,0.9502467074071885,0.9538449418999618,0.9567560017821116,0.9591744696248709,0.9612255262220751
740.0,0.9104875291116923,0.9262484289350399,0.9357824563796533,0.9423490267759856,0.9472278794817383,0.9510383776604749,0.9541218649502888,0.956684058506393,0.9588573435230285
750.0,0.9032838524193791,0.9202530003177161,0.9305306391281879,0.9376148949329367,0.9428812772648825,0.9469961555352133,0.9503270439394124,0.9530955554720812,0.9554443689907994
760.0,0.8949890949626987,0.913337902622526,0.9244671482976444,0.9321453567497566,0.937856928876608,0.9423218107334284,0.945937397490964,0.9489434761184756,0.9514945070697551
770.0,0.8857694544570981,0.9056370390212852,0.9177069418150569,0.9260425889777986,0.9322476590344548,0.9371009505572062,0.9410327488211658,0.9443028760844845,0.94707879717547
780.0,0.8768978866797216,0.8982121103047315,0.9111811940915187,0.9201466807992892,0.9268252609570169,0.9320516611976292,0.9362874897840168,0.9398116810473135,0.9428041212539429
790.0,0.8690467831366978,0.8916289982723605,0.905388878657078,0.91490943887001,0.9220059257393426,0.9275619788235848,0.932066656348918,0.9358156676463227,0.9389998150395426
800.0,0.8619151856131656,0.8856391151093429,0.90011322891711,0.9101360726042931,0.9176112208467841,0.9234662644407593,0.9282149732094661,0.9321681795892979,0.9355265382054702
810.0,0.8598963287874679,0.8839417078381984,0.8986172970712205,0.9087819941784291,0.9163641701000844,0.9223037741486892,0.9271215328069393,0.9311325396489957,0.9345402272759007
820.0,0.8593153745348623,0.8834531113615702,0.8981866193503518,0.9083921091556183,0.9160050701284609,0.9219690010713596,0.9268066271552129,0.9308342665142931,0.9342561502415829
830.0,0.8591942541914461,0.8833512394071775,0.8980968200314805,0.908310813397883,0.9159301921066186,0.9218991946566272,0.9267409627725558,0.9307720698201744,0.9341969133281112
840.0,0.8573237662939027,0.8817776314611304,0.8967094948746922,0.9070547346808745,0.9147731852867632,0.9208204904315372,0.925726216263762,0.9298108733180322,0.9332814269508148
850.0,0.8450235070053842,0.8714128524863445,0.8875628318580429,0.8987678932459296,0.9071362207790777,0.9136976586219958,0.9190236464043956,0.9234603927185675,0.9272316420085369
860.0,0.8341201968702122,0.8622005633775492,0.879420189256766,0.8913826149451528,0.9003246114489536,0.9073406211408399,0.9130386521396358,0.9177874085995649,0.9218253506827165
870.0,0.8186623500422565,0.8490996914240218,0.867819061970589,0.8808472379902017,0.8905985218574347,0.8982570080800996,0.9044816436775936,0.9096725562449217,0.9140888075252145
880.0,0.7997101457985886,0.8329711654846628,0.8535017631712338,0.8678233662981244,0.8785601640097084,0.8870030078697528,0.8938718110919318,0.8996044547755807,0.9044848273686055
890.0,0.7864076347682103,0.8216060706168857,0.8433892659111161,0.8586096662867369,0.8700335595228664,0.8790245972723885,0.8863444774242192,0.8924570547611418,0.8976633491592922
900.0,0.7809281509935398,0.8169137551395231,0.8392083132056183,0.8547966998473738,0.8665024626719986,0.8757187188785692,0.883224130778838,0.8894931227641796,0.8948336987553123
910.0,0.7766225713059977,0.8132221971225424,0.8359166535078937,0.851793255921345,0.8637200183400374,0.873112994630967,0.8807640744678914,0.8871559336857446,0.8926020337720213
920.0,0.7712622166185708,0.8086207020288038,0.8318106468649764,0.8480449071060111,0.8602462050507905,0.8698588820675668,0.8776911681396523,0.8842359451244398,0.8898134314233029
930.0,0.7647967372338019,0.8030622257611099,0.8268462662120712,0.8435101788824095,0.856041705578112,0.8659189079398789,0.8739695350671817,0.8806986792100103,0.8864346524929593
940.0,0.7577655683831881,0.7970070024309187,0.8214326599393604,0.8385616204639296,0.8514511223543103,0.861615397184596,0.8699031823044272,0.8768327232242029,0.8827410631388695
950.0,0.7499201375876609,0.7902375880343234,0.8153736010485237,0.8330187137963672,0.8463062050689936,0.8567900421240517,0.8653420836072682,0.8724950948616904,0.8785957727309169
960.0,0.725975805672684,0.7694910622010517,0.7967577779588074,0.8159596307043128,0.8304519929965082,0.8419059539139648,0.8512619487837471,0.8590960068653701,0.8657836926128883
970.0,0.7029821506736051,0.7494423141441022,0.7787000944650798,0.7993692574122628,0.8150039331929063,0.8273816077200089,0.8375056450782715,0.8459920696600507,0.8532432852197191
980.0,0.6803502518598908,0.7295837556844035,0.7607458304310516,0.7828310812268923,0.7995749181683857,0.8128534973727733,0.8237291888066401,0.8328558193479403,0.8406613163247789
990.0,0.6589527946335906,0.7106895987425932,0.7435988489216399,0.7669956298180559,0.7847732172582813,0.7988953055438776,0.8104772486514241,0.8202071117800671,0.8285360911252625
1000.0,0.6329539094244417,0.6875703765318999,0.7225289092913084,0.7474810526528584,0.7664935794344558,0.781628692639045,0.7940622691554831,0.8045218977949921,0.8134858486275424
1010.0,0.6036557161555921,0.6612939850133154,0.6984587830927638,0.7251094741034134,0.7454832991563662,0.761742624800971,0.7751261668478917,0.7864031438533375,0.7960806469742767
1020.0,0.5873109791823123,0.6465273281101936,0.6848724948644616,0.712443915348123,0.7335619483693512,0.750439600771616,0.7643480347505556,0.7760782689502035,0.7861526421976905
1030.0,0.5834289228417351,0.6430083296218844,0.6816282894816772,0.7094154132994617,0.7307085007627858,0.7477320142712593,0.7617645360367971,0.7736021056033089,0.7837705914562061
1040.0,0.5849070640076444,0.644348720794807,0.6828642891692052,0.7105694133324074,0.7317959242634585,0.7487639463381022,0.7627492486459087,0.7745459657106947,0.7846786260594029
1050.0,0.5971829873983794,0.6554554889498203,0.6930921368497265,0.7201098192808327,0.7407797190444202,0.7572847092196064,0.7708765816074905,0.7823333122978762,0.7921681036523275
1060.0,0.6137461695670866,0.6703710151869635,0.7067887114913922,0.7328611798680467,0.7527699938708233,0.7686443506148135,0.7817019841547771,0.7926981353737598,0.8021301789981181
1070.0,0.6266791936503029,0.6819629476674983,0.7174033700893017,0.7427242597642782,0.7620311418180346,0.7774086489617064,0.7900466022607703,0.8006817710258333,0.809798752087907
1080.0,0.6336415589930672,0.6881840067037102,0.7230893564589691,0.7480009100538944,0.76698108817183,0.7820895927846827,0.7945007524026,0.8049411392301613,0.813888324120898
1090.0,0.6357515460508155,0.6900666737278452,0.7248086422543051,0.7495955025844894,0.768476313014754,0.7835030908133559,0.7958454055574671,0.8062267046011365,0.815122409508382
1100.0,0.6394929144183247,0.6934020005275675,0.727852897493028,0.7524179355433793,0.7711221467553577,0.7860037781231736,0.798223889599022,0.8085003490089571,0.8173047444355135
1110.0,0.6358697774961084,0.6901720863280343,0.7249048702035622,0.7496847312357228,0.7685599688162618,0.783582165734918,0.795920623192245,0.8062986126060666,0.8151914346674655
1120.0,0.632369129801453,0.687047939357881,0.7220515050386715,0.7470381014285667,0.7660781231277742,0.7812358714202035,0.7936885279999141,0.8041645407308549,0.813142771638254
1130.0,0.6171667770449276,0.673441290799794,0.7096025791899311,0.7354773750774286,0.7552276212084549,0.7709709406139099,0.783917791222568,0.7948185867960904,0.8041673566620847
1140.0,0.6039717052039084,0.6615781719594329,0.6987196217805416,0.7253522657633613,0.7457115832452925,0.7619588992676121,0.7753322732533738,0.7866004873444364,0.7962703296672422
1150.0,0.6026350202041076,0.660373594064956,0.6976130169370063,0.7243217316416368,0.7447423525342735,0.761040494502172,0.7744569447458165,0.7857623089208748,0.7954646459354245
1160.0,0.5602501443377694,0.6219004764245339,0.6621149510417287,0.6911650185883195,0.7134889341392697,0.7313748438446608,0.7461432618171498,0.758618902167408,0.7693479420941128
1170.0,0.5237905203498507,0.5883497407633212,0.6309031689463834,0.6618471786327209,0.6857385073288246,0.7049484847125647,0.7208549658469672,0.7343229977092578,0.7459278827832124
1180.0,0.4888575697095599,0.5557738616098176,0.6003551040715158,0.6329950156316343,0.6583177003042029,0.6787532244028761,0.6957236324707049,0.7101266089212631,0.7225617847273524
1190.0,0.4579276659351962,0.5265503830156737,0.5727335574419238,0.6067651324025457,0.633288749811588,0.6547679366567362,0.6726542265835319,0.6878687595946124,0.7010294368130767
1200.0,0.43279343271895154,0.5025188884499692,0.5498559568046945,0.584932911574003,0.612379895075594,0.6346738053143817,0.6532828666479604,0.6691431308890916,0.6828848311546214
1210.0,0.3894099778681523,0.4603845355466314,0.509362757850657,0.5460370421593709,0.5749481495949331,0.5985643026533582,0.618365564227776,0.6353039253753876,0.6500249041398747
1220.0,0.36203220716709594,0.4333273312245746,0.48308329939592076,0.5206099767525358,0.5503457472584582,0.574730761317628,0.5952402792150294,0.6128291735080613,0.6281481666969913
1230.0,0.3454912318610959,0.4167883845185455,0.4669055782660437,0.504880359484235,0.5350709512102192,0.5598913376706629,0.5808087969701635,0.5987769347731016,0.6144477378004961
1240.0,0.3335164324964249,0.40471933821216294,0.455042726158699,0.4933073992402382,0.5238045972209933,0.5489247870465508,0.5701269150483845,0.5883621451825163,0.6042824197234608
1250.0,0.32520434261070197,0.3962924975739276,0.4467301307108339,0.4851778420450304,0.5158758330309475,0.5411958982609453,0.562589879771488,0.5810064531649682,0.5970970279714435
1260.0,0.3225855823402396,0.39362875074107856,0.4440971829232681,0.4825992820893317,0.513358359876304,0.5387399076402912,0.5601932920698508,0.5786662621178795,0.5948099691018275
1270.0,0.32004906163839647,0.3910446558507103,0.44154054583284497,0.4800938158820872,0.5109110558925722,0.5363514623335148,0.5578618967367887,0.5763891454996688,0.5925840685117151
1280.0,0.3239709466148869,0.3950375027048374,0.4454894853451133,0.48396275772300956,0.5146895094894091,0.5400385425787565,0.5614605221544439,0.5799036819691072,0.5960193071702194
1290.0,0.32661046795345866,0.3977194191815137,0.4481386829317688,0.4865561079905727,0.5172206244540661,0.5425072442805464,0.5638690485321558,0.5822551581975147,0.5983170895112129
1300.0,0.32793285303106773,0.3990612928202098,0.4494631469082976,0.4878519563279387,0.5184848748465679,0.5437399417132494,0.5650714013744718,0.5834287912244425,0.599463725567078
1310.0,0.33056692044122665,0.40173143946540035,0.45209696620121387,0.49042771520826023,0.5209969784907083,0.5461886970201038,0.5674593591075473,0.5857592868183434,0.6017402611483706
1320.0,0.3305494718140132,0.40171340599220345,0.45207900408039864,0.49041004803753663,0.5209796837038961,0.5461717948641609,0.5674428457476364,0.585743148155862,0.6017244790298981
1330.0,0.33184393611207125,0.4030239319186594,0.45337071319452443,0.4916726236908953,0.5222105835436843,0.5473712967495811,0.5686122855638954,0.5868842207424811,0.6028389443803349
1340.0,0.33051451339227844,0.4016772755075273,0.452043016323405,0.4903746510483206,0.5209450326635189,0.5461379303672148,0.5674097601325242,0.5857108131919033,0.601692858358669
1350.0,0.32542948758974166,0.3965176259320391,0.4469506596045084,0.485392633798519,0.5160847709342863,0.5413992057735211,0.5627878890351725,0.581199518076807,0.5972854905117181
1360.0,0.3229918064715822,0.3940384627867234,0.44450039827430177,0.48299314802593896,0.5137422478443165,0.53911398336381,0.5605580114516245,0.5790221731469511,0.5951576296953446
1370.0,0.3170803666334577,0.3880116825936699,0.4385349102014072,0.47714517899796144,0.5080286587164065,0.5335367540059036,0.5551131625942541,0.5737034086309322,0.5899579270717142
1380.0,0.30707185541265364,0.3777587270324782,0.4283562495254658,0.4671466097923189,0.49824493670653236,0.5239751213717792,0.5457694483388507,0.5645687148260391,0.5810216127687867
1390.0,0.2918439060048694,0.3620342175967672,0.41266926879242427,0.4516849361521943,0.4830772800369839,0.5091224739789838,0.5312320722159033,0.5503376256342256,0.5670838578226675
1400.0,0.27136754042871963,0.34063922784791045,0.39116980299686555,0.4303871640778143,0.4621057575739475,0.4885259110613728,0.5110245064908455,0.5305164736125403,0.5476384964858448
1410.0,0.1865803396616036,0.24839082307559318,0.2960949908384832,0.33451806552809243,0.3664384340966674,0.3935784089107529,0.4170719610826419,0.4377021210558835,0.4560305856056433
1420.0,0.11776961655180448,0.1676153680205364,0.20874519605226344,0.24339779023727728,0.2731512606137003,0.2991029623974532,0.3220335629613068,0.34251374386898126,0.36097141313869147
1430.0,0.06787900428397158,0.10369459281308031,0.13558763617362968,0.16390737772126138,0.1891954647841863,0.21194109668451622,0.23254700595654246,0.2513378375063436,0.26857516196550846
1440.0,0.04548500049650645,0.06969614625085699,0.09444995132742154,0.11736162923314512,0.13847296029250913,0.15794075712835162,0.17594128821901292,0.19264056814308994,0.20818616390135963
1450.0,0.03218556249536388,0.04963951883281901,0.0673210363664006,0.08560823309758592,0.10294258272600496,0.11929352029014323,0.13469747986501143,0.14921568070145338,0.16291619408056635
1460.0,0.021863168153918255,0.03501506268112158,0.04755563087853629,0.0596406852567549,0.07311404970326946,0.0861456622446804,0.0986806435780396,0.11070553112993661,0.12222800445461367
1470.0,0.015836173194473124,0.025684616702349932,0.035719324957312774,0.04534887432250999,0.054347525609310395,0.0643353885831873,0.07455489455231437,0.08451004944303356,0.09417709355318912
1480.0,0.012359360329443275,0.019905291035963394,0.028000819519866577,0.036083723897781805,0.04388769906176364,0.05129072319647549,0.05871306145508248,0.06708230371861951,0.07529970859262196
1490.0,0.011077879582690593,0.017665407667373647,0.024911083948184524,0.03227622108841568,0.03949400512572506,0.04642824043999241,0.053015352981298954,0.05995327344265539,0.06751738397606055
1500.0,0.011039547515132855,0.017600425517119964,0.024822076459636792,0.03216652891008195,0.039367084008080054,0.04628726491060704,0.05286307582486283,0.05974976850200747,0.067294779854247
1510.0,0.01153714337987296,0.018484753904045182,0.026052245043551085,0.03369184463605834,0.0411359078507789,0.04825276211694236,0.054985072067507225,0.06260794779843026,0.07042011340778587
1520.0,0.012134156958679868,0.019528701340752394,0.027491275937219926,0.035463232210598404,0.04317762152843822,0.050509774618092064,0.05766875485864909,0.0659265070176579,0.07404093656326231
1530.0,0.012860386234279918,0.020777682135304964,0.02919573954020065,0.03754439553970385,0.04556010249418137,0.05312829876031404,0.06119504526572776,0.0698273770601438,0.07828678473910389
1540.0,0.013910948554076808,0.02254974422809004,0.031584095482041476,0.040431284329116496,0.048837242896195315,0.05679185858817153,0.06611089509847874,0.07524705958291764,0.08416830303145285
1550.0,0.015211752280250328,0.0246947098397758,0.03443113058385799,0.043830412057352316,0.05265677663432855,0.06199427997812456,0.0719413442963115,0.08164925684665407,0.09109161677698785
1560.0,0.016645075725325795,0.027005544998728488,0.03744932272376411,0.04738747488678896,0.05667676286721943,0.06751639401417042,0.07810027753462694,0.08838405531740286,0.09834810951909745
1570.0,0.018553607568454252,0.0300080616917141,0.04130106994118758,0.0518625067749372,0.06288264959592423,0.074586528238106,0.085944725214923,0.09692352772648766,0.10751300693931107
1580.0,0.020835962248950676,0.033501993508951326,0.0456928455401649,0.057014275638305995,0.07005094139665206,0.08269755266528522,0.09489239907188857,0.10661584413818849,0.1178702431350715
1590.0,0.02312596156190847,0.036914788153358524,0.04989734354792595,0.062995224894037,0.07701850826447149,0.09052983889888688,0.1034848816004606,0.11587920568606264,0.1277280153252238
1600.0,0.025010471341450857,0.03966090766279837,0.05322434706362773,0.06782886428823409,0.08261272348451015,0.0967845979671382,0.11031570062332632,0.12321473176213701,0.1355077449646409
1610.0,0.027017751690574084,0.0425284016851846,0.056722816238687836,0.07290148117341597,0.08845082790638173,0.10328228712264269,0.11738461709703521,0.1307809637825083,0.14350911704054992
1620.0,0.028524261340271664,0.044644943852577695,0.05984392635652385,0.07666584008156557,0.09276299147661143,0.10806323255015787,0.12256907749444204,0.13631478089701024,0.1493470385733468
1630.0,0.0298156139816705,0.046436128858878545,0.06250949517282328,0.07986644683686919,0.0964164628859307,0.11210221066938329,0.12693834121690278,0.14096878036994914,0.15424790496262736
1640.0,0.031146331404568076,0.048260205558082726,0.0652474874528462,0.08314083059285625,0.1001423772990169,0.11621068774289489,0.1313732020573842,0.14568392556349788,0.15920517729733438
1650.0,0.032515875619557384,0.050115493154136256,0.06805745382291806,0.08648799267912574,0.10393927814075826,0.12038683415346649,0.13587153136309438,0.1504578515176464,0.16421630670636236
1660.0,0.034551413965157846,0.05283304579469208,0.07222056757050219,0.09142335932703126,0.10951694769280926,0.126503050315225,0.14244291421724442,0.15741673473569232,0.17150720856021792
1670.0,0.0366691232262219,0.05561342709966699,0.07654089811849533,0.09651698130053069,0.11524867512023523,0.13276612981581554,0.14915228754365706,0.1645038589186703,0.17891622210704677
1680.0,0.03886698485413748,0.058971499051223834,0.08101738008293147,0.10176620562723135,0.12113050241144217,0.1391710665594698,0.15599381680777372,0.171712743684157,0.1864363708758399
1690.0,0.04099264159413252,0.062401232166471685,0.08534402111937038,0.106813645779648,0.12676342817333405,0.14528481794185405,0.16250635367087019,0.17855884750928536,0.1935635086461218
1700.0,0.04318320365433524,0.06595932900597973,0.08980282944388826,0.11198982865088122,0.13251793010489823,0.15151108984813663,0.16912149750215,0.18549737551455883,0.2007729575685803
1710.0,0.045417974078220236,0.06961579709397854,0.09435510246999382,0.11724919580650509,0.1383430225587992,0.15779456824536517,0.1757804577012765,0.19246672772117512,0.2080008364826959
1720.0,0.04771107501906291,0.0733976320605299,0.0990334346914187,0.12262883070183833,0.1442794746336516,0.16417910433622243,0.18252969917071826,0.1995156095925929,0.2152977879636171
1730.0,0.05005944386178468,0.07730407613955645,0.10383558068527643,0.12812534450319435,0.15032304865627705,0.17065984591304081,0.18936393649079358,0.20663844134874848,0.22265804384956306
1740.0,0.05169588555038463,0.08004768143339651,0.10719069327427544,0.13195080032459672,0.15451657993837054,0.17514572699210731,0.1940848586640536,0.21155018057411304,0.22772588932080304
1750.0,0.05335255117710342,0.08284360471781357,0.11059545158996255,0.13582092452318403,0.15874891934308277,0.17966434362232328,0.19883255531429414,0.2164829979320865,0.232809447345361
1760.0,0.05502820666580057,0.08569114635916683,0.11404871770934513,0.13973427784265685,0.16301842958919002,0.18421393583869589,0.20360519810852773,0.22143503574122278,0.23790685888789403
1770.0,0.056321568081901835,0.08790325049956932,0.11672163656421702,0.14275517636867188,0.16630734439717434,0.1877126448976428,0.207270242521295,0.22523327182745884,0.241812541136793
1780.0,0.057935854428534654,0.09014171998521417,0.1194180191416861,0.1457956778642558,0.16961176724089744,0.19122284606172862,0.2109429752701135,0.22903565447039445,0.24571910044735396
1790.0,0.059577648193784985,0.09240609867364623,0.1221372419284698,0.14885505788038064,0.17293091869576557,0.19474373621956315,0.21462259073288567,0.23284138980534688,0.24962576425148325
1800.0,0.061245571010708044,0.09469592311689184,0.1248786796201429,0.15193259546663546,0.1762640274419006,0.19827452418382727,0.21830829828843218,0.2366497013973699,0.2535317792944722
1810.0,0.06353032143505159,0.09781571377087875,0.12860075276520702,0.15610041266951297,0.18076911015531047,0.2030392535403669,0.223275569389853,0.24177650476956744,0.2587850756223167
1820.0,0.06586590672207941,0.10098571153545022,0.13236771316800594,0.16030626187179225,0.18530508027817025,0.20782795058271045,0.2282603174211833,0.24691478890810054,0.2640443538828724
1830.0,0.06825197876462734,0.1042049674773265,0.13617821985389075,0.16454856304816506,0.18987022362014835,0.2126388375947328,0.23326074851368742,0.25206277550119827,0.26930787244480897
1840.0,0.0681824737577642,0.10411171831369333,0.13606742522460505,0.16442464651999608,0.18973633842249682,0.21249727309082136,0.23311320215072226,0.25191053089508436,0.2691519174388234
1850.0,0.06692997935850044,0.10242441699154178,0.134071176816701,0.16220266025221858,0.18734555724901464,0.20997802397590692,0.23049489241759613,0.2492151354704461,0.26639619652990143
1860.0,0.06242213119261772,0.09630765592385855,0.12680115985464854,0.15408367411107032,0.17858738171076324,0.20073012371118729,0.22086682496431723,0.23928914416921807,0.256235269306642
1870.0,0.054429045450512636,0.08468304305096278,0.11282589801576261,0.13834489945984765,0.16149827786474605,0.18258987177659783,0.20189770171560142,0.21965997359695275,0.2360767075854632
1880.0,0.043580572784061716,0.06663837284217632,0.0906559308129622,0.11297440063859958,0.13360436718900132,0.1526780715378327,0.170353183584187,0.1867816897327464,0.20210049513029052
1890.0,0.034283633995623515,0.052526896742780826,0.07176944779594824,0.09089370042459465,0.10891694725901152,0.12584093119512046,0.14172623936711737,0.15665221283887645,0.17070069666566207
1900.0,0.02402110851214758,0.03833363542918123,0.05166026748531758,0.06556762499305223,0.08000769413536035,0.09387675081568457,0.10714085792539438,0.11980392750297875,0.13188780621193932
1910.0,0.016639524322608353,0.027166729747689668,0.037734260718340275,0.047757109188444814,0.057206892178424534,0.06813535208894778,0.07879497927095733,0.08914385169486846,0.09916428228150564
1920.0,0.011647774402417207,0.018931216944224057,0.026790070540232448,0.034670162335595445,0.04230510297129524,0.04956963689683265,0.05643654525777799,0.06457285280632112,0.07257227826697729
1930.0,0.008880133579998482,0.013926783841033687,0.019753528918890914,0.025865428320820567,0.032011432931083036,0.03804807639388526,0.0438938844937294,0.04950537799063321,0.05486251694730005
1940.0,0.007260165731065708,0.01063949189692774,0.01488491668421784,0.019536588932693454,0.024370700604529914,0.02925418309033533,0.03410171893398571,0.0388582489691867,0.04348905798692649
1950.0,0.006573564404084746,0.009041201399646117,0.01239191127696051,0.016192664510009173,0.02023165694642819,0.024386234163787445,0.028575994423014728,0.032745858434506135,0.036857926810692034
1960.0,0.006172071479607266,0.007971305674929898,0.010636068059365737,0.013775080316974261,0.017183230752408105,0.020744933504494738,0.024385406573656173,0.028052358886131307,0.03170817838423796
1970.0,0.006030626125914299,0.007558529617157567,0.009931235623207251,0.012785531191440411,0.01591958286284565,0.019220141457828216,0.02261485471080976,0.026053131895744652,0.029498143832347903
1980.0,0.005928185087740533,0.0072413675054969085,0.009374426253452833,0.011993218452045602,0.014899520550087782,0.017981678934343458,0.021169197225029864,0.024413001313800656,0.027677150597116344
1990.0,0.005915603688631676,0.007218041943425813,0.009338598311248688,0.01194488272295173,0.01483898936530802,0.01790938582326415,0.021085683566250627,0.02431889439334949,0.027573131389049828
2000.0,0.005903092704651656,0.007194900710665268,0.009303060734930289,0.011896934960573438,0.014778937269970299,0.017837655779813454,0.02100280886293175,0.024225493807224194,0.027469877485581707
2010.0,0.005938168389719018,0.007339005694365158,0.009569851137421571,0.012284333601200726,0.015282999295225204,0.01845374467866452,0.02172539482580424,0.025048266862950964,0.028386041000090404
2020.0,0.005978096075273163,0.007492712672977511,0.009849131927320839,0.012686541901603532,0.015803895200808125,0.019088296367644364,0.022467599968939093,0.02589133878372696,0.029322747974015014
2030.0,0.006047584424452737,0.007729445440021662,0.010266777480101899,0.013280617180951334,0.016567947251906457,0.020014541668604755,0.023546775658189616,0.02711309783027444,0.03067620773420627
2040.0,0.0061280971241713346,0.007986481621555633,0.010710639954346388,0.013905881403299127,0.01736742982802078,0.020979478549504386,0.02466682334086417,0.028376882128431553,0.03207194770711241
2050.0,0.006306387058603592,0.00850046736730747,0.01157115881546874,0.015101231570690741,0.018882736713648336,0.02279641321996351,0.02676412778268599,0.030731717834815625,0.034661153471995665
2060.0,0.0065396376864115474,0.009116689329651486,0.012572364080168163,0.016472098543208566,0.02060395245178374,0.024844280591263136,0.029111965010103706,0.033351735221439756,0.03752590844573499
2070.0,0.006960300237275908,0.01012627053369498,0.014160285170560174,0.018610735953228583,0.02325793819889162,0.02797134527257311,0.032666480742230775,0.037287942256376376,0.04179999896696501
2080.0,0.007543717767940352,0.011407984566294176,0.016114323062152654,0.021196662501589452,0.026424030114637984,0.03165883119221694,0.0368151492230773,0.041839947154509206,0.046701844105899365
2090.0,0.008477653554438889,0.013299049874116387,0.018910979545953322,0.024826854808500495,0.030799461239990215,0.03668587441191378,0.042403300779899095,0.04790613985785848,0.05317201643546226
2100.0,0.009786604829002473,0.015767245180972476,0.02245256674071742,0.02932545417989129,0.03612386776296478,0.042707531152226745,0.049005270353275385,0.05498605350554151,0.06175649329284604
2110.0,0.0115266521165602,0.018862481249547605,0.026763638525534924,0.03467582513356213,0.042333528009217254,0.049613239777689964,0.056504553746991405,0.06465441601483153,0.07266467237088926
2120.0,0.013796854943848573,0.022704040916427838,0.03195243012210775,0.04095833701405177,0.049476107077153844,0.05768686031129784,0.06713517369794292,0.07638357750016034,0.08540286429330882
2130.0,0.0165875399668738,0.0272159666224044,0.03785583813208575,0.04792577789029155,0.057455355152883726,0.06842794496576085,0.0791238485979813,0.08950283819825999,0.09954851474753838
2140.0,0.01966040173290765,0.03198021698664518,0.04389920747685636,0.054885678060559724,0.06720699731321274,0.07949808245904195,0.09137088473395,0.10280299418628128,0.11379379723004776
2150.0,0.023258242185299063,0.037336275949394704,0.0504917662784278,0.06389796986289152,0.07808255218486596,0.09172409033030482,0.10478579886504416,0.11726865834969188,0.12919179190534652
2160.0,0.02667229830696277,0.04223242725576447,0.05636752483819703,0.07250317322413352,0.08800061903920751,0.10277748224705066,0.11682582064047457,0.1301704610520205,0.14284998098228663
2170.0,0.030479139142462034,0.04750525986541273,0.0641739843248956,0.08187664750112884,0.0987032691721074,0.11461410546706452,0.12963607675992192,0.14382181131583718,0.15723200477412272
2180.0,0.03393587216698293,0.052143657250133715,0.07121105851442729,0.09023703067638511,0.10816976691473307,0.12501234875567446,0.14082522800785244,0.15568704527814797,0.16967877609957516
2190.0,0.0376593500172583,0.05716407866872467,0.07875982077030519,0.09912108762537361,0.11815504251855546,0.13591438736291667,0.152497194862784,0.16801066114181273,0.18255765771157764
2200.0,0.04061402350501809,0.06190412543394095,0.08474255975791416,0.1061055222201816,0.12595561549209233,0.14438717193173103,0.16152904602442633,0.17751138791981413,0.1924544284067098
2210.0,0.043705990794547386,0.06691193515489265,0.09100528940129078,0.11336739186351585,0.13402310404761567,0.1531120889004829,0.17079608860265172,0.18722944033322314,0.2025504663558881
2220.0,0.0469289943902816,0.07218934031303696,0.0975457700501366,0.12090103996349905,0.14234910156929195,0.16207856723868058,0.18028607370446537,0.19715128624254635,0.21283127286350415
2230.0,0.04930886035401584,0.0761278898885737,0.10238985199239892,0.12644919765072465,0.1484536238889261,0.1686289685091292,0.18719800918335291,0.20435917119392102,0.22028328038318765
2240.0,0.05174582818121468,0.08019924523367633,0.1073659018000763,0.13212229998839717,0.15467323300738609,0.17528344042651853,0.19420271274899625,0.21164869390195123,0.22780620446274405
2250.0,0.051996184381892706,0.08062148804385783,0.1078796517229329,0.1327055082795126,0.15531028338736233,0.17596293620270745,0.19491611610663034,0.21238946604890993,0.22856924353221117
2260.0,0.051135788202806905,0.0791807577759551,0.1061227355407198,0.1307048672337883,0.15311861994971138,0.17361939242148877,0.1924503802907549,0.2098244857598962,0.2259230520892319
2270.0,0.04914692343068119,0.07586787236520576,0.10206942484763684,0.12607874846822104,0.148042000402519,0.16818337848502635,0.18672426299711936,0.20386195935031562,0.2197664117815123
2280.0,0.045556804458863655,0.06995300581678246,0.09478114002541688,0.11771715143846079,0.1388287650693313,0.158285209195079,0.17626895544294297,0.19294922320304486,0.20847526590476476
2290.0,0.04214466985752078,0.0644057022516426,0.08788109542055011,0.10974541380711178,0.1299966548045988,0.14875380224941523,0.16616310046528632,0.18236724844494398,0.19749573811983334
2300.0,0.037700483466527664,0.05727730451468228,0.07891337018771885,0.0992975091341833,0.11834446437415248,0.13611101853408605,0.15269752471689502,0.16821250674036137,0.18275963780655402
2310.0,0.03360542881726826,0.051763330406584804,0.07064865986254883,0.08957243374320975,0.10741307986184671,0.12417397171983038,0.13991484610688817,0.1547133155126947,0.16864929708989265
2320.0,0.02992538507226693,0.04683364351492892,0.06319919581232415,0.0807188248963206,0.09738259026024809,0.1131497351292528,0.1280452530029971,0.14211968149427387,0.15543174916643382
2330.0,0.026576254342489135,0.04221195734359435,0.05638081879218473,0.07253397468440756,0.08803630974479676,0.10281073851198064,0.11685246151875317,0.13018818277524755,0.1428576136225396
2340.0,0.023998938398145486,0.038559446872434344,0.05201693985623775,0.06613330410315556,0.08067337281727562,0.09461621396135023,0.10793564981195763,0.12064078919113838,0.1327570184964158
2350.0,0.021643263839324363,0.035139326129584425,0.04787564199939835,0.06018408986969438,0.07378323798938874,0.08690499847871344,0.09950507741767048,0.11157721868344753,0.1231340437577092
2360.0,0.02012801809033822,0.03289831586476253,0.04512264171465716,0.05630736116754224,0.06926751509335463,0.0818269574032025,0.09393071509906141,0.10556317709867784,0.11672903020027374
2370.0,0.018712471972129382,0.03077114924359663,0.0424779830034619,0.053299639440799004,0.06497434197155376,0.07698030413164487,0.08859272010291949,0.0997876386294015,0.11056254414094505
2380.0,0.01788024605262343,0.029509961005103728,0.04089697294635342,0.051492082018927535,0.062429402862148126,0.07409828089949583,0.08540990810221316,0.0963357334911647,0.10686919036163042
2390.0,0.017084211761039733,0.028292543910532895,0.039359997670330674,0.049724990551342975,0.059969232485250386,0.07130560346462364,0.08231949303077529,0.09297811822559293,0.10327113315608138
2400.0,0.01649017303899037,0.027381163906506717,0.03820408486288174,0.048390208042197624,0.05812924698156138,0.06921269621219026,0.07999928668075867,0.09045326605464514,0.10056159018683966
2410.0,0.01591662783187105,0.02649546332259848,0.03707490147906857,0.047080828191403815,0.05633899767332677,0.06717268755588764,0.07773422843750194,0.08798510547217847,0.09790973202485194
2420.0,0.01546708129804268,0.02580093716468364,0.03618697079490125,0.04604805688640383,0.055187731311721895,0.06557323653340613,0.07595589476282173,0.08604490866737873,0.09582278936170492
2430.0,0.01503019651393747,0.02512271175475888,0.035316457484065894,0.04503226614104145,0.05406520182431772,0.06400773859947727,0.07421319195165718,0.08414155895679988,0.09377354511699629
2440.0,0.01452560898755724,0.024333869599899745,0.03429899276389724,0.04384051893485641,0.05274425463385597,0.062180326912828786,0.0721761982983978,0.08191420931710866,0.09137302008667585
2450.0,0.014037869348674504,0.023566990648895284,0.033305242881953745,0.04267207529684527,0.05144500417870264,0.060398432613120924,0.07018706121191265,0.07973642685941545,0.08902327312878688
2460.0,0.01356649899073891,0.022821653258515266,0.032334958891322735,0.04152687391698508,0.050167555244353394,0.058661215498996555,0.06824499479127222,0.07760748788090721,0.08672364671973448
2470.0,0.013165840826020314,0.02218978970279571,0.03151120681043587,0.0405523157249619,0.04907776098975414,0.05719095855908095,0.06659929373238734,0.07580131116494132,0.08477054236481138
2480.0,0.01277677534657291,0.021573512342967817,0.030704791362984908,0.039595271100399565,0.04800471364748692,0.05584935113974922,0.0649883050156524,0.07403133166276216,0.08285474660786862
2490.0,0.012398997055524037,0.020972523028402586,0.029915500760261355,0.038655634996370654,0.04694840961475755,0.054704112138991234,0.06341146835125726,0.07229702089255241,0.08097576681649021
2500.0,0.01203220642744487,0.020386523705654667,0.029143117523923897,0.037733292823364115,0.04590883366061597,0.05357448727490072,0.06186822524916631,0.07059785017216433,0.07913310837199028
